Company,Position,Connected On,Full Name,ano,mes,mes_n,Latitude,Longitude
Sonastério,Coordenador de projetos,2019-01-20,Madison Patel,2019,Janeiro,1,-20.101491,-43.928009
BN Express,CEO,2019-01-19,Debbie Huber,2019,Janeiro,1,40.6398574,-73.9779319
Toro - Investimentos,Senior Talent Acquisition,2019-01-18,Tracie Baker,2019,Janeiro,1,-19.9353313,-43.9297169
FIEMG,Coordenadora de Educação Corporativa,2019-01-18,Kevin Miller,2019,Janeiro,1,-19.9332315,-43.9247363
Instituto Defesa Coletiva,Analista Administrativo,2019-01-17,Caleb Alvarez,2019,Janeiro,1,-19.9300531,-43.9325931
www.RogerLessa.com,CEO,2019-01-17,Christian Thompson,2019,Janeiro,1,-18.9566253,-48.2715755
União Equipamentos Mecânicos Ltda,Analista de Métodos e Processos Pleno | Analista de PCP Pleno,2019-01-17,Nicole French,2019,Janeiro,1,-19.9532941,-44.0703408
Tecnocar Engenharia,Projetos de Engenharia,2019-01-17,Scott Jackson,2019,Janeiro,1,-19.8614996,-43.9394907
PUC Minas Oficial,Assistente administrativo,2019-01-16,Teresa Stanley,2019,Janeiro,1,-19.9228622,-43.992595
Autônomo,Instalador técnico,2019-01-16,Jason Lopez,2019,Janeiro,1,41.961419,-87.71169220000002
PFS Empreendimentos,Empreendedor,2019-01-15,Shannon Stafford,2019,Janeiro,1,26.0865281,-80.37395529999999
EVOHR,Consultor Protheus em Recursos Humanos,2019-01-15,William Hill,2019,Janeiro,1,44.50410429999999,-73.1823028
HiveSys,Engenheiro de software remoto,2019-01-15,Karen Jackson,2019,Janeiro,1,-19.9042131,-43.9134755
FCA Latam (Fiat Chrysler Automobiles),Project Chief - Brake Systems,2019-01-15,Michael Garcia,2019,Janeiro,1,42.65513869999999,-83.2305966
Griloano,Fotógrafo profissional,2019-01-15,Ryan Wheeler,2019,Janeiro,1,,
Neves & Pimenta Advogados,Advogado,2019-01-15,Emily Russo,2019,Janeiro,1,-17.6936426,-42.5165191
Deloitte,Business Analyst,2019-01-15,Dylan Nguyen,2019,Janeiro,1,34.7454105,-92.2749654
MARTINS LANNA / TCL Mineração - Tecnologia em Areia e Brita,Controlador de manutenção,2019-01-14,Chase Cox,2019,Janeiro,1,-19.8737502,-44.0988255
Wylinka,Líder de projetos,2019-01-14,Kristen Harvey,2019,Janeiro,1,-19.929056,-43.931904
Drogaria Araujo S/A,Analista de Treinamento e Desenvolvimento,2019-01-14,Courtney Mcgee,2019,Janeiro,1,-19.9148705,-43.9512978
Nomad Sports,Gerente financeiro/administrativo,2019-01-14,Steven Johnson,2019,Janeiro,1,43.5879109,-110.8273081
Localiza,Analista de Projetos Especiais,2019-01-14,Jerome Berry,2019,Janeiro,1,37.6900454,-95.1430326
Precon Engenharia,Auxiliar de engenharia,2019-01-14,Veronica Hall,2019,Janeiro,1,-20.0117811,-44.0326445
Remo Engenharia,Analista de planejamento,2019-01-13,Michael Thornton,2019,Janeiro,1,-19.9302982,-43.9231338
MadeSimple Group,Mid-Level PHP Developer,2019-01-13,Jason Fox,2019,Janeiro,1,41.97215,-88.0143152
AGIS MEDICAL,Coordenadora Técnica,2019-01-13,Nicole Wright,2019,Janeiro,1,40.7870111,-74.4644684
Pimentel Advogados Associados,Advogada associada,2019-01-12,Yolanda Porter,2019,Janeiro,1,-23.5495124,-46.6362072
CBTU - Companhia Brasileira de Trens Urbanos,Técnico Industrial - Eletrotécnica,2019-01-11,Maria Hayden,2019,Janeiro,1,-22.9043232,-43.1921569
Qatar Investimentos,Operador de mesa Jr,2019-01-11,Scott Burke,2019,Janeiro,1,-19.9665133,-43.9554847
Ferrosider Componentes Ltda,Chefe de Administração de Pessoal e Recursos Humanos,2019-01-11,Kenneth Farmer,2019,Janeiro,1,-19.9225528,-44.0424962
HENRIQUE BAIÃO,CEO / Sócio Fundador,2019-01-21,Pamela Wells,2019,Janeiro,1,-19.9622297,-43.9564985
Hatch,Instrumentation Engineer | Engenheiro de Instrumentação,2019-01-11,Kristin Rangel,2019,Janeiro,1,33.6837051,-117.8662239
Localiza Gestão de Frotas,Sucesso do Cliente,2019-01-21,Caitlin Harmon,2019,Janeiro,1,-27.2318317,-52.0244037
Pontifícia Universidade Católica de Minas Gerais,Department Head,2019-01-21,Samantha Rhodes,2019,Janeiro,1,-19.9550716,-44.1984331
Global Tecnologia Em Serviços E Utilidades Ltda,Gerente de Vendas,2019-01-31,Courtney Thompson,2019,Janeiro,1,-19.9497166,-44.0441576
Vallourec,Técnico de planejamento SR,2019-01-31,Joshua Roberts,2019,Janeiro,1,29.7444036,-95.56053879999999
SLB CONTABILIDADE,Proprietário da empresa,2019-01-30,Alicia Hunt,2019,Janeiro,1,38.754048,-9.169606
Supera Negócios Imobiliários,Corretor de imóveis,2019-01-30,Jennifer Palmer,2019,Janeiro,1,-19.819885,-43.900982
IPEM-MG,Assessora Jurídica,2019-01-30,Edward Romero,2019,Janeiro,1,-19.9345859,-44.0654496
Kairós Vellar Investimentos ,Mesa de Operações ,2019-01-29,Kimberly Flores,2019,Janeiro,1,-23.5938122,-46.6725859
Construtora Sudoeste,Analista de Projetos BIM,2019-01-26,Hunter Baker,2019,Janeiro,1,-19.9346553,-43.9300456
DHL Supply Chain,Coordenadora de Melhoria Contínua,2019-01-26,Jason Stone,2019,Janeiro,1,34.960052,-80.97578419999999
Pizza Burnet's,Gerente,2019-01-25,Tamara Lewis,2019,Janeiro,1,30.3186897,-97.7389967
EPC Engenharia Projeto Consultoria SA,Projetista Mecânico Pleno,2019-01-25,Alexander Williams,2019,Janeiro,1,-20.311921,-40.292903
Far-me,Head de Finanças,2019-01-24,Tina King,2019,Janeiro,1,35.2681236,-81.61120559999999
CXT,Inspetor de campo,2019-01-24,Bobby Peterson,2019,Janeiro,1,40.7603204,-89.59543959999999
Patrus Transportes Urgentes Ltda,Estagiário de recursos humanos,2019-01-24,Christopher Rodriguez,2019,Janeiro,1,-7.2331,-39.344745
Imx - Industria Mecanica Xavier,Orçamentista comercial,2020-01-07,Tammy Owens,2020,Janeiro,1,-19.9214244,-44.02721560000001
IMA Industria mecânica alterosa,Analista de orçamento,2020-01-08,John Russell,2020,Janeiro,1,-19.8844372,-44.0385076
MRV,Auxiliar de engenharia,2020-01-08,Beth Williams,2020,Janeiro,1,32.9013586,-117.1989525
Supex,Gerente Administrativo,2020-01-09,Cassandra Smith,2020,Janeiro,1,40.7636036,-73.80888430000002
Autônomo,Jornalista freelancer,2020-01-22,Daniel Wall,2020,Janeiro,1,41.961419,-87.71169220000002
IBEXT Instituto Brasileiro de Extensão Tecnológica,Consultor de Desenvolvimento Industrial,2020-01-28,William Sellers,2020,Janeiro,1,-16.6876492,-49.2849419
J.A. Sistemas de Energia,Gerente Comercial,2020-01-28,Emily English,2020,Janeiro,1,,
Localiza Gestão de Frotas,Administração de Contratos,2020-01-28,Jill Shelton,2020,Janeiro,1,-27.2318317,-52.0244037
GOL Linhas Aéreas Inteligentes,Copiloto,2019-01-24,April Weiss,2019,Janeiro,1,28.463378,-81.45357299999999
MRV,Analista de Suprimentos,2019-01-23,Jeff Barton,2019,Janeiro,1,32.9013586,-117.1989525
Víktor Waewell,Book Author,2019-01-23,Dawn Berger,2019,Janeiro,1,,
CMC Displays - Unboxing Solutions,Proprietário,2019-01-23,Gene Brown,2019,Janeiro,1,28.4245082,-81.4166328
Tecnocar Engenharia Ltda,Product Project Manager,2019-01-23,Adam Thomas,2019,Janeiro,1,-19.8614996,-43.9394907
Colégio São Judas Tadeu ,Auxiliar de sala de aula,2019-01-22,Alexa Harris,2019,Janeiro,1,-5.050135399999999,-42.7443373
Rabelo Recursos Humanos ,Consultora de RH,2019-01-22,Mark Hardin,2019,Janeiro,1,-19.8816725,-43.94994550000001
Belgo Bekaert,Estagiário Trainne,2019-01-22,Tiffany Wheeler,2019,Janeiro,1,-20.070281,-44.66399
Autentica Engenharia Industrial,Orçamentista comercial VIII,2019-01-21,Charles Allen,2019,Janeiro,1,-19.9500226,-44.0689622
Clarice Santana Desenvolvimento Humano,Coach Executiva e de Carreira | Psicoterapeuta,2019-01-11,Caroline Deleon,2019,Janeiro,1,-19.9221732,-43.9548905
Dj Caio Aguiar,Proprietário,2019-01-14,Thomas Meadows,2019,Janeiro,1,-20.7231049,-46.6099983
RHI Magnesita,Analista RH,2019-01-10,Justin Hall,2019,Janeiro,1,39.9299812,-76.83906549999999
Bagy,Chief Product Officer,2019-01-08,April Smith,2019,Janeiro,1,45.01210460000001,-93.6644135
Stola do Brasil Ltda.,Analista de Compras,2019-01-08,Erin Greene,2019,Janeiro,1,-19.8661448,-43.9401412
Vale,Engenheira Civil Júnior II,2019-01-08,George Dawson,2019,Janeiro,1,43.6464489,-79.3796153
N Malhas,Gerente comercial,2019-01-08,Crystal Rose,2019,Janeiro,1,47.6098657,-122.3383131
Syngenta,Auxiliar de campo,2019-01-08,Carl Miller,2019,Janeiro,1,41.2174992,-95.92763649999999
Dakar Móveis,Sócio-gerente geral,2019-01-08,Debra Williams,2019,Janeiro,1,-18.918325,-48.2999
Vale,Analista Operacional,2019-01-08,Thomas Kim,2019,Janeiro,1,43.6464489,-79.3796153
Robotec Automação e Robótica,Projetista Mecânico Pleno,2019-01-08,Susan Patel,2019,Janeiro,1,-19.9735368,-44.1902909
RNascimento Treinamentos,Microempreendedor,2019-01-08,Laurie Sanchez,2019,Janeiro,1,-3.7945354,-38.560896
Allugator,Senior Inside Sales,2021-01-05,Phillip Jackson,2021,Janeiro,1,-19.9570113,-43.9381644
Rock Minas Peças e Usinagem LTDA,Projetista,2021-01-13,Patricia Ortiz,2021,Janeiro,1,-19.9322843,-44.073507
Arbitrium Sports,Sócio,2021-01-18,Danielle Yang,2021,Janeiro,1,38.7978207,-94.6910209
MG Sports,Vendedor,2021-01-18,Chris King,2021,Janeiro,1,46.892034,-71.9101511
Localiza,Analista Sênior de Planejamento de Frota,2019-01-11,Sarah Zavala,2019,Janeiro,1,37.6900454,-95.1430326
Engescom,Analista de Planejamento,2016-01-17,Jill Hart,2016,Janeiro,1,-19.7595673,-43.8576554
Grupo,Empreendedor,2019-01-07,Kelly Smith,2019,Janeiro,1,39.136308,-94.516577
CEMIG,Técnica Sistema Elétrico,2019-01-08,Sheila Brewer,2019,Janeiro,1,-19.4816412,-44.1559946
GE Power,Analista de processos de negócios,2019-01-08,Raymond Anderson,2019,Janeiro,1,33.9137305,-84.45628669999999
Stone,Product Leader,2019-01-08,Lisa Hernandez,2019,Janeiro,1,37.06250000000001,-95.677068
COACHR RECURSOS HUMANOS LTDA,Gerente de projetos,2021-01-21,Erica Hale,2021,Janeiro,1,-19.8971606,-43.955889
SMS group GmbH,Technical Analyst,2021-01-22,Heather Mcintosh,2021,Janeiro,1,40.4483896,-80.0020832
Progen S.A.,Técnico civil II,2021-01-25,Alicia Whitaker,2021,Janeiro,1,4.5932416,-74.18771029999999
Mezzanino Engenharia e Consultoria,Estagiário de engenharia,2021-01-25,Jeffery Vincent,2021,Janeiro,1,-30.5148445,-53.4832383
OGP SOLUÇÕES,Gerente de serviços,2019-01-08,Douglas Clark,2019,Janeiro,1,-19.9447917,-43.9566044
Asesoria y Consultoria Independiente,Asesor inmobiliario,2019-01-09,Yesenia Bailey,2019,Janeiro,1,29.0763955,-110.9442563
GoPhone,Responsável por Operações Técnicas,2019-01-08,Carmen Vargas,2019,Janeiro,1,29.794676,-95.532736
Vale,Engenheiro Pleno,2019-01-09,Joshua Clark,2019,Janeiro,1,43.6464489,-79.3796153
Maroto Indústria e Comércio,CEO,2019-01-10,Rachel Young,2019,Janeiro,1,-20.144026,-44.201208
Proverh,Consultoria em Recursos Humanos,2019-01-10,Linda Leon,2019,Janeiro,1,-19.9429112,-43.9325892
Tribunal Regional do Trabalho - 3a. Regiao,Estagiário de Direito,2019-01-10,Doris Simpson,2019,Janeiro,1,-19.9332128,-43.9261119
Applus+ IDIADA,Projetista / Analista do Produto,2019-01-09,Gregory Miller,2019,Janeiro,1,34.5425983,-117.4604573
Secretaria de Estado de Educação do Estado de Minas Gerais.,Professor de biologia,2019-01-10,Sheri Wilson,2019,Janeiro,1,-19.7839124,-43.9521655
Air Liquide Brasil,Consultor Técnico de Vendas,2019-01-10,Brandon Ball,2019,Janeiro,1,29.7824515,-95.5364005
M.Roscoe Engenharia e Construção Ltda,Estagiário,2019-01-09,Carlos Harris,2019,Janeiro,1,-19.9391421,-43.9411211
Beazy,Head Of Content,2019-01-10,Kevin Rhodes,2019,Janeiro,1,37.3058448,-80.03524569999999
BVP Geotecnia e Hidrotecnia,Estagiário,2019-01-09,Jennifer Ruiz,2019,Janeiro,1,-19.9656224,-43.9550063
Grupo Buzattos,Arquiteta projetista,2019-01-10,Suzanne Rodriguez,2019,Janeiro,1,-19.9990171,-44.24216570000001
Belgo Mineira Bekaert_Grupo Arcelor Mittal,Remuneração e Beneficios,2019-01-09,Crystal Smith,2019,Janeiro,1,-21.7417641,-43.3694602
Seu Inbox,CEO & Owner,2019-01-10,Olivia Brown,2019,Janeiro,1,28.4302826,-81.30850989999999
Avanade,Human Resources Business Partner,2019-01-09,Steven Rodriguez,2019,Janeiro,1,32.8706656,-96.93789869999999
Tribunal de Justiça do Estado de Minas Gerais,Assessor jurídico,2019-01-09,Steven Frye,2019,Janeiro,1,-19.9446328,-43.9224312
Eletro Vibez,CEO and Head of Marketing,2019-01-09,David Rodriguez,2019,Janeiro,1,-23.0033394,-43.3209301
Magna International,Coordenadora de Recursos Humanos,2019-01-09,Kimberly Pacheco,2019,Janeiro,1,42.4698792,-83.2596513
Ultragaz,Supervisor Regional de Logística Domicilar,2019-01-09,Erica David,2019,Janeiro,1,-5.3378488,-49.0996033
Rede Globo,Operador de áudio,2019-01-09,Kaylee Hoffman,2019,Janeiro,1,40.7200972,-74.0046292
STEF ARTES GRÁFICAS LTDA,SERVIÇOS GRÁFICOS,2019-01-09,Nathan Harrell,2019,Janeiro,1,-19.9016449,-43.9228306
KSB Brasil Ltda,Técnico Orçamentista,2019-01-09,Traci Bush,2019,Janeiro,1,-23.214612,-46.8458785
CGP,ispetor de obra,2019-01-09,Bradley Wilson,2019,Janeiro,1,45.30071299999999,-72.719036
Maturado Steak House,Sócio proprietário,2019-01-09,Erin Rodriguez,2019,Janeiro,1,40.7098774,-73.9625052
VINCI Energies,Especialista de Desenvolvimento Humano e Organizacional,2019-01-09,Maria Morton,2019,Janeiro,1,35.5260485,-97.54715580000001
AlmavivA do Brasil,Gerente geral de operações,2019-01-09,Derek Nelson,2019,Janeiro,1,-23.5474186,-46.6441801
ECB - Empresa Construtora Brasil | Grupo Mota - Engil,Analista de Infraestrutura de TI Sênior,2019-02-20,Christina Lopez,2019,Fevereiro,2,-19.9284253,-43.9455994
Onfly,Inside Sales – Analista Comercial Pleno,2019-02-20,Sean Black,2019,Fevereiro,2,44.046763,-92.482359
B2W Digital,Supervisora de operações,2019-02-19,Nicole Rose,2019,Fevereiro,2,,
Abu Dhabi Executive Office,Smart City Expert,2019-02-20,Joshua Smith,2019,Fevereiro,2,24.4198638,54.4484687
Itambé,Gerente Corporativo de Manutenção,2019-02-08,Christopher Hale,2019,Fevereiro,2,-15.251599,-40.6239038
Engineering Brasil,Coordenadora de Cultura e Desenvolvimento,2019-02-21,Danny Raymond,2019,Fevereiro,2,40.1600876,-105.0251204
Altran Consultoria em Tecnologia Brasil,ADAS/AD Project Chief,2019-02-11,Chelsea Walker,2019,Fevereiro,2,-19.9477552,-44.0388616
Grupo Sada,Gerente Depto Adm. Pessoal,2019-02-09,Douglas Riley,2019,Fevereiro,2,25.4430889,-99.9942245
PRODAP,Coordenador de Gestão de Pessoas - P&P,2019-02-09,Heidi Erickson,2019,Fevereiro,2,47.6190541,-122.3363929
Sada Transportes,Supervisora Financeira,2019-02-08,Daniel Mcknight,2019,Fevereiro,2,25.6576365,-100.2966011
Rethink Tecnologia,Analista de Recursos Humanos ,2019-02-07,Selena Barnett,2019,Fevereiro,2,-19.9417481,-43.9257376
VLI Logística,Analista Técnico Sênior - Engenharia Elétrica,2019-02-19,Taylor Rodriguez,2019,Fevereiro,2,-23.5934383,-46.6863681
Voltz,HR Business Partner,2019-02-08,Jeffrey King,2019,Fevereiro,2,47.9030262,-91.8605712
Stellantis Latam,Analyst,2019-02-20,Terri Vance,2019,Fevereiro,2,42.3143231,-82.91362079999999
Mary Kay Global,Consultor de beleza,2019-02-19,Jaime Carroll,2019,Fevereiro,2,32.9714237,-96.8226583
Arcadis - Commercial Developer Project Managers,Técnico em Mecânica Master,2019-02-17,Elizabeth Jackson,2019,Fevereiro,2,45.3466554,-75.79181179999999
Prefeitura de Belo Horizonte,Referência Técnica,2019-02-19,Theresa Armstrong,2019,Fevereiro,2,-19.9237641,-43.9363914
IBRA Outplacement e Evolução Profissional,Consultor de carreira,2019-02-07,Brenda Lindsey,2019,Fevereiro,2,-19.9369083,-43.93429829999999
Csb - Consultoria Contabil,SOCIO DIRETOR,2019-02-18,David Davis,2019,Fevereiro,2,-20.3282894,-44.2409027
Sofist,Talent Acquisition,2019-02-15,Brian Myers,2019,Fevereiro,2,33.8742026,-118.2443866
Prefeitura de Belo Horizonte,Estagiário,2019-02-14,Amanda Cummings,2019,Fevereiro,2,-19.9237641,-43.9363914
Qualitas Humanus,Selecionadora PL,2019-02-14,Amanda Todd,2019,Fevereiro,2,-23.5044834,-47.4566362
Hl Interfones,Auxiliar de escritório,2019-02-13,Shannon Turner,2019,Fevereiro,2,-19.9099894,-43.9646505
TOPMINAS CONSTRUTORA,Engenheiro civil,2019-02-13,Brett Franklin,2019,Fevereiro,2,-19.9617086,-44.0797503
ForSócios,Co-founder,2019-02-12,Regina Thomas,2019,Fevereiro,2,-19.9422337,-43.9291615
Novità Soluções e reformas em ambientes,Proprietário,2019-02-19,David Boyd,2019,Fevereiro,2,34.0584993,-84.2697001
GoPhone,CEO & Founder,2019-02-12,Douglas Stark,2019,Fevereiro,2,29.794676,-95.532736
Stefanini Brasil,Analista de Recursos Humanos Sr,2019-02-12,Karla Jenkins,2019,Fevereiro,2,37.541988,-77.4405724
Grupo SADA,DIRETORA CSC,2019-02-12,John Camacho,2019,Fevereiro,2,25.4430889,-99.9942245
Cemig,Técnico de Planejamento da Manutenção Eletroeletrônica da Transmissão,2019-02-11,Samuel Hamilton,2019,Fevereiro,2,-19.4816412,-44.1559946
MGODOI Consultoria Empresarial,CEO,2019-02-11,Billy Martin,2019,Fevereiro,2,-19.9348931,-43.94721510000001
RAF IT,Diretor,2019-02-11,Thomas Christensen,2019,Fevereiro,2,41.3878621,-73.053185
Pascon & Freitas Consultoria Contábil,Sócia Contadora,2019-02-11,Logan Barajas,2019,Fevereiro,2,-19.8339153,-44.1542405
Produtive Carreira e Conexões com o Mercado,Gerente de Relacionamento Associado,2019-02-18,Dillon Tran,2019,Fevereiro,2,-23.6071832,-46.6967724
Superhar Consultoria em Recursos Humanos,HeadHunter,2019-02-18,Dana Bond,2019,Fevereiro,2,-19.9537159,-43.9602719
Trybe,Student Experience,2019-02-12,Miranda Nelson,2019,Fevereiro,2,37.8002407,-122.2483953
Grupo Classic,Assitente de marketing,2019-02-07,Zachary Waters,2019,Fevereiro,2,-19.9002164,-44.0652791
FIEMG,Assistente de Pessoal II,2019-02-21,Jordan Brady,2019,Fevereiro,2,-19.9332315,-43.9247363
SlicingDice - The All-in-One Data Solution,Assistente de auditoria,2019-02-06,John Werner,2019,Fevereiro,2,-23.6258071,-46.7020006
Agile Project Educação e Treinamentos,Gestão da empresa,2021-02-28,Patricia Booth,2021,Fevereiro,2,37.5298455,-122.2618057
Grupo SADA,Analista de Estratégia e Inovação,2019-02-21,Benjamin Evans,2019,Fevereiro,2,25.4430889,-99.9942245
Dias Moura Advogados,Assessor Jurídico,2019-02-28,Michelle Schultz,2019,Fevereiro,2,-19.9211075,-43.9487122
VLI Logística,Analista de recursos humanos,2019-02-27,Angela Wilson,2019,Fevereiro,2,-23.5934383,-46.6863681
MG-sports,Operações de almoxarifado,2019-02-27,Walter Montgomery,2019,Fevereiro,2,46.892034,-71.9101511
Brilliant,Estagiário,2019-02-07,Isaac Hernandez,2019,Fevereiro,2,37.7736559,-122.4019784
Hospital Sarah,Técnico de manutenção,2019-02-25,Stephanie Reid,2019,Fevereiro,2,36.135359,-95.9667772
Aloo Telecom,Analista de telecomunicações,2020-02-19,Brandon Simmons,2020,Fevereiro,2,-9.6507246,-35.7316089
JBA | Jabour Brandão Alkmim Advocacia e Consultoria,Estagiário,2020-02-19,Cheryl Brown,2020,Fevereiro,2,,
Hospital Munucipal de Contagem,Tec. Enfermagem,2020-02-12,James Reid,2020,Fevereiro,2,-19.9366701,-44.0613631
Dmb Distribuidora Mineira De Bombas,Vendedor Interno,2020-02-12,Nicholas Miller,2020,Fevereiro,2,-19.999077,-44.0380718
Universidade do Estado de Minas Gerais,Professora,2020-02-11,Courtney Williamson,2020,Fevereiro,2,42.7322166,-90.4942674
FIEMG,Assistente administrativo de RH,2019-02-26,Shannon Gallegos,2019,Fevereiro,2,-19.9332315,-43.9247363
AngloGold Ashanti,Analista administrativo,2020-02-10,Jo Mullins,2020,Fevereiro,2,39.632898,-104.8939458
home office,Consultor comercial,2020-02-10,Victoria Harris,2020,Fevereiro,2,36.3648645,-94.2176775
Viação Sorriso de Minas,Auxiliar administrativo,2019-02-05,Heidi Greene,2019,Fevereiro,2,-18.9246075,-48.31599079999999
Confiança Múltiplos Negócios LTDA EPP,Auxiliar administrativo,2019-02-05,Benjamin Sanders,2019,Fevereiro,2,-19.9376804,-44.0488631
Leroy Merlin,Parts Sales Manager - E-commerce,2019-02-05,Mary Miller,2019,Fevereiro,2,48.8618579,2.3522141
Itaú Unibanco,Analista de Engenharia Jr,2019-02-04,Julie Munoz,2019,Fevereiro,2,25.7723394,-80.1877414
Boreda - Alumipack Indústria de Embalagens Ltda,Coordenadora Administrativa de Vendas,2019-02-24,Kevin Lee,2019,Fevereiro,2,-19.8810344,-44.0348614
Mate Couro S/A,Analista de manutenção e processos,2019-02-03,Bradley Shaw,2019,Fevereiro,2,-19.8983855,-44.0162042
SGA TI em nuvem,Senior Sales Account Executive,2019-02-03,Scott Carpenter,2019,Fevereiro,2,-19.9688177,-43.9576895
UltraPão Alimentos,Product Development Analyst,2019-02-01,Jake Watson,2019,Fevereiro,2,-22.2416994,-45.8787224
C.A.A.R DO BRASIL,Product Development Analyst,2020-02-01,James Davis,2020,Fevereiro,2,-19.9817414,-43.94082299999999
PUC Minas,Professor,2020-02-04,Martin Mcmahon,2020,Fevereiro,2,-19.9361801,-43.9342488
Metalurgica Ventisilva,Coordenador de Recursos Humanos - PJ,2019-02-03,Yesenia Martinez,2019,Fevereiro,2,-23.5522617,-46.5905891
SAE Towers,Estagiário de engenharia,2019-03-28,Zachary Smith,2019,Março,3,29.9474849,-95.40696310000001
HOME OFFICE LOVERS,Web Designer (Back-end & Front-end • Full-Stack),2019-03-27,Carl Thompson,2019,Março,3,42.9632397,-81.22005159999999
Pimenta e Associados e Desenvolvimento Empresarial,Recrutador,2019-03-27,Marcus Rose,2019,Março,3,-19.9192671,-43.9283463
CHC Helicopter,Aircraft Maintenance Inspector,2019-03-27,Luke Berger,2019,Março,3,49.1785957,-123.1725633
Ambev,Analista de Inteligência de Mercado,2019-03-26,Joann Bell,2019,Março,3,18.5175154,-70.07067169999999
H7 PROJETOS MECÂNICOS,Projetista mecânico industrial - solid works 2020,2019-03-18,Benjamin Brown,2019,Março,3,,
Sancruza Netimóveis,Assistente Comercial,2019-03-22,Steven Lee,2019,Março,3,-19.9423976,-44.0383234
Grupo Sense,Diretor,2019-03-13,Beth Ramirez,2019,Março,3,-0.1699979,-78.4932943
Líder Aviação,Analista de planejamento,2019-03-08,Joseph Miller,2019,Março,3,-19.8515542,-43.9586469
Grupo SADA,Analista de Planejamento Comercial Pleno,2019-03-06,Travis Randolph,2019,Março,3,25.4430889,-99.9942245
CAAR Do Brasil Consultoria Técnica Ltda.,Analista de processos,2019-03-26,Dana Schwartz,2019,Março,3,-19.9817414,-43.94082299999999
AETHRA  - Automotive Systems,Asistente de meio ambiente ,2019-03-07,Justin Glenn,2019,Março,3,-19.9351257,-44.1110613
The HEINEKEN Company,Analista de Inteligência de Vendas,2020-03-19,Melissa Gonzalez,2020,Março,3,41.034645,-73.7667922
MRV,Assistente de Processos,2020-03-19,Taylor George,2020,Março,3,32.9013586,-117.1989525
Sotreq S/A,Estagiário,2020-03-11,Veronica Rivers,2020,Março,3,-19.9166645,-44.0478671
Universidade Federal de Minas Gerais,Professora Associada,2021-03-31,Michael Rivera,2021,Março,3,-19.870682,-43.9677359
Plan B Comunicação,Consultor financeiro / Comercial,2021-03-31,Megan Mitchell,2021,Março,3,-19.9295964,-43.9521538
Petrominas,Comercial,2021-03-25,Mary Torres,2021,Março,3,-12.171778,-76.97852639999999
PUR EQUIPAMENTOS INDUSTRIAIS LTDA,Inspetor de qualidade,2021-03-23,Kristin Smith,2021,Março,3,-19.865869,-44.0334531
Mech4u - Manufatura Inteligente,CEO,2021-03-16,David Price,2021,Março,3,-23.1551858,-45.7903036
Metalsider,Controle de planejamento,2021-03-15,Brian Martin,2021,Março,3,-19.9702595,-44.2128196
Sicoob Nossacoop,Representante de atendimento ao cliente,2021-03-31,Morgan Smith,2021,Março,3,-16.7184481,-43.8792176
RHI Magnesita,TÉCNICO PLANEJAMENTO MANUTENCAO PL ,2021-03-05,Nathan Allen,2021,Março,3,39.9299812,-76.83906549999999
Grupo Carmo Alves Empreendimentos Imobiliários LTDA,Assessora Jurídica e Financeira,2021-03-03,James Peterson,2021,Março,3,,
ImTraff - Consultoria e Projetos de Engenharia,Estagiário,2021-03-02,Jacob Baldwin,2021,Março,3,-19.903467,-43.930771
Energisa,Analista de Compras I,2020-03-24,Heather Jones,2020,Março,3,-9.913159199999999,-63.0315605
PUC Minas,Auxiliar Administrativo,2020-03-19,Michael Robinson,2020,Março,3,-19.9361801,-43.9342488
ENGESUR,Inspector de Control y Calidad,2020-03-19,Valerie Stone,2020,Março,3,-22.9108016,-43.22220249999999
Anglo American,Analista de Gestão de Materiais,2021-03-15,Charles Lin,2021,Março,3,49.28526189999999,-123.1164446
APTA ,Técnico em Automação Industrial Jr.,2019-04-15,Sarah Miller,2019,Abril,4,38.816093,-77.03965
Cristiane Costa Advogada e Consultora,Proprietária,2019-04-12,Daisy Mathis,2019,Abril,4,-19.9334249,-44.0515798
CMP Componentes Módulos Plásticos Ind. Com. Oficial,Team Leader,2019-04-12,Lindsay Sims,2019,Abril,4,32.4688654,-116.9294254
Autônomo,Estudante voluntário,2019-04-11,Ashley Porter,2019,Abril,4,41.961419,-87.71169220000002
Social Bank,Analista de Monitoramento,2019-04-09,Amy Dalton,2019,Abril,4,38.93053210000001,-94.3607282
DHL Supply Chain,Assistente de transportes,2019-04-08,Ashley Roberts,2019,Abril,4,34.960052,-80.97578419999999
Grupo OVD,Consultor externo de vendas,2019-04-03,Keith Guerrero,2019,Abril,4,-25.4685931,-49.3559416
NEUMAN & ESSER Brasil,Project Engineer,2019-04-05,Joshua Baker,2019,Abril,4,-19.9871153,-43.966218
Secretaria de Estado de Desenvolvimento Econômico de MG,Diretor de Energia,2019-04-04,Tabitha Herman,2019,Abril,4,-19.78257,-43.95219950000001
Profissional Liberal,Arquiteto,2019-04-03,Jimmy Smith,2019,Abril,4,39.955606,-75.192503
HS / soluções em comunicação,Coordenador de  mídias digitais,2019-04-01,Carlos Byrd,2019,Abril,4,-19.9272548,-43.9205571
Visiontech Medical Optics,Coordenador de Planejamento e Controle da Produção,2019-04-01,Richard Petersen,2019,Abril,4,-20.1597747,-43.9504586
RHIMagnesita,Analista de Recursos humanos,2019-04-16,Joseph Anderson,2019,Abril,4,39.9299812,-76.83906549999999
Villefort Atacarejo,Coordenadora de Segurança do Trabalho,2019-04-05,Julia Curtis,2019,Abril,4,-16.7015567,-43.830115
Ossa Consulting LTDA,Sócio-proprietário,2019-04-22,Heather Henderson,2019,Abril,4,37.7564095,-122.5086098
VOLL,Corporate Mobility Specialist,2021-04-16,Jeffrey Bennett,2021,Abril,4,59.930779,10.6185062
RHI Magnesita,Técnico de Planejamento de Manutenção PL,2019-04-23,Ruth Anderson,2019,Abril,4,39.9299812,-76.83906549999999
EASYVIX - Soluções Industriais,Coordenador Técnico em Eletrônica,2020-04-14,Joy Henderson,2020,Abril,4,-19.8722299,-43.9782304
Metalfisa Metalúrgica ,Analista de orçamento,2020-04-23,Julie Holmes,2020,Abril,4,-19.9436003,-44.005744
Usina Santa Terezinha,Operador Líder de Caldeiras,2020-04-26,Justin Benson,2020,Abril,4,-23.3993236,-52.09369179999999
AETHRA GROUP - Automotive Systems,Analista de recrutamento e seleção,2020-04-27,Derek Walls,2020,Abril,4,-19.9352104,-44.1110075
Seedz,Analista de Projetos,2019-04-22,Ian Wallace,2019,Abril,4,38.6373377,-90.3077088
Grupo Tracbel,Consultor Comercial de Peças,2021-04-01,Catherine Hill,2021,Abril,4,-19.9182375,-44.0513658
Recrutamento e Seleção,Recursos Humanos,2021-04-13,Ashley Salazar,2021,Abril,4,38.765894,-9.104225
Unisinos,Orientadora de Carreira - Psicóloga,2021-04-14,Jacob Potter,2021,Abril,4,-29.7955145,-51.1521175
Pintepoxi Eireli,Analista de Projetos Trainee,2020-04-07,Nathaniel French,2020,Abril,4,-19.7456871,-44.1503782
Delog - Transporte E Logistica,Gerente de logística,2021-04-16,Michael Gillespie,2021,Abril,4,-25.4664391,-49.35159609999999
Tecnifox Indústria e Comércio Ltda,Orçamentista Técnico,2021-04-15,Jasmin Anderson,2021,Abril,4,-19.9652296,-44.0159956
Banco Original,Agente comercial,2020-04-01,Christopher Drake,2020,Abril,4,30.7491692,-99.23209849999999
MASD Advogados Associados,Advogada,2019-04-23,Keith Shields,2019,Abril,4,-19.9402682,-44.0460193
Autônomo,Consultor imobiliário,2019-04-23,Deanna Brooks,2019,Abril,4,41.961419,-87.71169220000002
Construtora Terrayama Ltda.,Aprendiz,2019-04-29,Alfred Ramirez,2019,Abril,4,-20.0013228,-43.9773212
Brembo do Brasil,Eletroeletrônico de Manutenção,2019-04-29,Jennifer Lee,2019,Abril,4,-19.9946383,-44.1811341
Action Consultoria & Negócios,Management System Consultant CEO,2019-04-29,Aaron Sharp,2019,Abril,4,-28.2641699,-52.40779269999999
Purcell Construction,Assistant Site Engineer,2019-04-29,Kara Horton,2019,Abril,4,37.403347,-77.52629019999999
Mendes Capital ,Trader,2019-04-29,Tiffany Harris,2019,Abril,4,38.8980608,-77.0208009
Nansen,Analista da qualidade Sênior,2019-04-29,Joseph Brown,2019,Abril,4,44.3502432,-92.9318715
Expresso Nepomuceno S/A,Supervisor de logística,2020-05-17,Brian Booth,2020,Maio,5,-18.9332856,-48.2208793
Eviplan,Master Black Belt 3S-LSS & DFSS,2020-05-12,Martha Rasmussen,2020,Maio,5,-19.9694373,-44.2034554
Stulz Brasil Ar Condicionado Ltda.,Diretor,2020-05-14,Ashley Wyatt,2020,Maio,5,-23.4073677,-47.3827835
YouTube,Influencer,2020-05-17,Dominic Lee,2020,Maio,5,37.6279255,-122.426536
JJL Projetos e Consultoria Ltda,Estagiário de engenharia mecânica,2020-05-05,Travis Morton,2020,Maio,5,,
BM&FBOVESPA agora é B3,Engenheiro de produção,2020-05-04,Theresa Contreras,2020,Maio,5,,
InPay Soluções Financeiras,Consultor financeiro,2020-05-04,Matthew Meza,2020,Maio,5,55.68503399999999,12.5954519
Magndon,Director,2020-05-16,Kimberly Paul,2020,Maio,5,33.9908222,-117.3405933
ENGETRAF - Consultoria e Projetos LTDA,Gerente de projetos,2020-05-20,Monica Combs,2020,Maio,5,-19.9337605,-43.9271485
Delly's Food Service,Grupo Dellys - Oesa/ Baia Norte,2015-05-25,Destiny Delgado,2015,Maio,5,,
CAAR Do Brasil Consultoria Técnica Ltda.,Project Chief,2015-05-25,Betty Mason,2015,Maio,5,-19.9817414,-43.94082299999999
Escala Serviços de Engenharia,Técnico Projetista,2020-05-26,William Martinez,2020,Maio,5,-19.9622862,-43.9458209
Contabilidade Atualizada,Contadora ,2015-05-25,Katelyn Jones,2015,Maio,5,-19.9177363,-44.0799695
Servo Automação,Consultor Técnico de Vendas,2015-05-25,Marissa Anderson,2015,Maio,5,-19.893507,-43.9242844
Médicos Sem Fronteiras Brasil / Médecins Sans Frontières Brésil - MSF,Supply Chain Coordinator LATAM,2015-05-31,Ashley Phillips,2015,Maio,5,43.6450319,-79.402746
Herkenhoff & Prates,Consultora em projetos socioambientais | Monitoramento e avaliação | ,2015-05-30,George Hughes,2015,Maio,5,-19.9325726,-43.92688769999999
Valspe,Security Tecnology Fortinet - SonicWall ,2015-05-29,Nathaniel Duffy,2015,Maio,5,-19.9594572,-43.9647835
Termotécnica Para-raios,Coordenador de PCP / Estoques,2015-05-27,Kimberly Walsh,2015,Maio,5,-19.944517,-44.0074259
Elevatio,CEO,2015-05-26,Jake Case,2015,Maio,5,35.3440366,-80.85228649999999
BH CROMOS,AUXILIAR ADMINISTRATIVO E FINANCEIRO,2015-05-26,Diana Moore,2015,Maio,5,-19.969539,-44.0641711
Konica Minolta Healthcare do Brasil,International Purchaser,2015-05-26,Katelyn Benson,2015,Maio,5,-20.0631648,-43.9761908
Take Blip, Senior Smarketing Analyst,2015-05-26,Brandon Johnson,2015,Maio,5,40.2743516,-111.7281623
SMS group GmbH,Estágio em Engenharia Mecânica,2020-05-20,Heather Jones,2020,Maio,5,40.4483896,-80.0020832
Grupo SADA,Analista de TI/CFTV,2020-05-23,Jessica Wilson,2020,Maio,5,25.4430889,-99.9942245
Humana Desenvolvimento,Gerente de recursos humanos,2015-05-25,Matthew Black,2015,Maio,5,-19.6238952,-43.22385480000001
Hospital Lifecenter,Analista de Comunicação,2019-05-22,Tony Horn,2019,Maio,5,-19.9351482,-43.9245637
Eleições 2020,Candidato a Vereador em Belo Horizonte,2019-05-22,Erin Watson,2019,Maio,5,,
SoftwareONE Brasil,Sales Manager,2015-05-25,Maurice Allison,2015,Maio,5,35.7677981,-78.7273326
CL Consultoria,Consultor de novos negócios,2019-05-22,Richard Rios,2019,Maio,5,29.084822,-110.992759
Baja PUC Minas,Coordenador Cálculo Estrutural,2019-05-22,Steven Wright,2019,Maio,5,-19.9228622,-43.992595
AngloGold Ashanti Brasil,Analista de planejamento ,2019-05-22,Tyrone Morris,2019,Maio,5,39.632898,-104.8939458
Accenture,Analista de sistemas sênior,2019-05-21,Nicole Kidd,2019,Maio,5,38.9310644,-94.6706286
SBT,Repórter esportivo,2019-05-16,Jennifer Oliver,2019,Maio,5,40.7601021,-73.8306506
Cottar Engenharia e Serviços,Analista de Planejamento de Manutenção,2019-05-10,Sara Yates,2019,Maio,5,-19.9111919,-43.9799367
ESAB South America,Customer Support Technician,2019-05-09,Gabrielle Gomez,2019,Maio,5,-8.783195,-55.491477
Midhaz,Cofounder & CMO,2019-05-07,Nicholas Bishop,2019,Maio,5,-19.438163,-42.551012
Telemont,Analista de Gestão da Qualidade PL,2019-05-06,Patricia Johnson,2019,Maio,5,-3.1136405,-59.980473
Prefeitura Municipal de São José dos Campos,Estagiário,2019-05-03,Joseph Conrad,2019,Maio,5,-23.2064576,-45.85700629999999
Petrobras,Químico Analista,2019-05-02,James Hernandez,2019,Maio,5,29.7279912,-95.5555577
CMP Componentes Módulos Plásticos Ind. Com. Oficial,Logística - CMP,2019-05-22,Anthony Anderson,2019,Maio,5,32.4688654,-116.9294254
Inter,Analista de Atração e Seleção,2019-05-23,Renee Mcclain,2019,Maio,5,38.9286942,-94.6565789
Ag Acabamentos e comercio em peças,Operador de mistura,2019-05-22,Alan Baker,2019,Maio,5,-22.9319259,-47.1122867
Allen | Soluções em Tecnologia,Estagiário,2019-05-30,Penny Jones,2019,Maio,5,-22.5114322,-43.1806995
Conbras - Uma empresa do Grupo GPS,Encarregado de manutenção civil ,2019-05-07,Kimberly Cox,2019,Maio,5,-23.5490899,-46.745712
Wave Pub ,Proprietário,2019-06-24,Bruce Foster,2019,Junho,6,43.5905227,-79.63595579999999
Vallourec,Senior Supply Chain Specialist,2019-06-26,Penny Alvarez,2019,Junho,6,29.7444036,-95.56053879999999
fredericus augustus photography,Proprietário,2018-06-19,Megan Smith,2018,Junho,6,-19.9637055,-43.9561824
3 Corações S/A,Engenherio de seguranca do trabalho,2020-06-16,Alexander Mejia,2020,Junho,6,,
IHM stefanini,Assistente de compras,2020-06-29,Shane Reyes,2020,Junho,6,-19.9820199,-43.9743968
Localiza,Assistente Administrativo I - ADMAC,2018-06-19,Paul Gardner,2018,Junho,6,37.6900454,-95.1430326
Lutter Construtora,Estagiário de engenharia,2018-06-19,Donald Byrd,2018,Junho,6,43.1046748,-70.80944029999999
FAM Brasil,Coordenador de suprimentos,2019-06-20,Kyle Potts,2019,Junho,6,40.0886684,-82.9489432
Mimus Sobre Rodas,Proprietária,2018-06-19,Christopher Smith,2018,Junho,6,,
 A precisão segurança patrimonial,Segurança Patrimonial,2020-06-14,Rebecca Goodwin,2020,Junho,6,-19.7514771,-47.943339
Asmam Caldeiras,Técnico mecânico,2019-06-17,Eric Perez,2019,Junho,6,-19.948258,-44.124979
Dimagra Ind. E Com. De Mármores E Granitos Ltda,Assistente administrativo,2019-06-04,Amanda Lewis,2019,Junho,6,-23.5053412,-46.669044
ATS Informática,Executivo de novos negócios,2019-06-07,Kayla Stephens,2019,Junho,6,38.8682133,-76.79135579999999
Macon Transportes - Angola,Superintendente de Operações,2019-06-07,Renee Decker,2019,Junho,6,-8.8810489,13.2670265
Superintendência de Desenvolvimento da Capital - SUDECAP,Engenheira Geotécnica,2019-06-04,Don Barber,2019,Junho,6,-19.9243426,-43.9446002
H2H Executive Search,Senior Managing Partner,2019-06-04,Lynn Jones,2019,Junho,6,48.4233348,-123.5037647
Vallourec Tubos do Brasil S.A.,Estagiário,2018-06-19,Kathleen Rush,2018,Junho,6,-20.207606,-40.32395289999999
sairamgranites,Owner,2019-06-04,Jill Decker,2019,Junho,6,37.6976368,-121.904863
Autônomo,Consultor de vendas,2019-06-04,Amanda Mack,2019,Junho,6,41.961419,-87.71169220000002
Soluções Usiminas,Supervisor de PCP,2019-06-04,Teresa Le,2019,Junho,6,-19.8609195,-43.2269261
FCA Fiat Chrysler Automobiles,Analista de projetos,2020-06-04,Jennifer Adams,2020,Junho,6,42.65513869999999,-83.2305966
ASSEMBLEIA DE DEUS,Coordenador de contabilidade,2020-06-04,Tonya Henderson,2020,Junho,6,28.5334094,-81.4580756
ComMolas,Consultor comercial,2019-06-11,Adam Nelson,2019,Junho,6,-19.932615,-44.02450870000001
SEGULA Technologies,Project Coordinator,2018-06-19,Courtney Hall,2018,Junho,6,41.6780015,-83.6284829
FedEx,Encarregada de Soluções,2018-06-19,Ashley Holland,2018,Junho,6,37.0332175,-95.6397439
Autônomo,Engenheiro mecânico,2018-06-19,Dwayne Andrews,2018,Junho,6,41.961419,-87.71169220000002
Owens Illinois Americas South,Trainee,2015-06-01,Michael Kane,2015,Junho,6,35.7688385,-95.3372809
Duratex,Key Account Deca / Hydra,2015-06-02,Joseph Gregory,2015,Junho,6,26.0689594,-98.29505359999999
D&M Agência - Design e Marketing,CEO  - Art Director and new accounts,2015-06-03,Teresa Christensen,2015,Junho,6,-19.9762722,-43.9731177
Marcolin,Sales Representative in Marcolin Group,2015-06-04,Heather Porter,2015,Junho,6,40.6029534,-74.6873638
Ao Cubo Criativo - Marketing Digital,CEO e Diretor de Criação,2015-06-05,Karen James,2015,Junho,6,20.6516401,-103.3898821
RedZinc,Software Engineer (Remote),2015-06-05,Jennifer Rios,2015,Junho,6,53.34106269999999,-6.2838664
Embraer,Projetista - Estruturas Aeronáuticas,2015-06-07,Emily Koch,2015,Junho,6,26.0810091,-80.1434929
Biomm,Comprador,2015-06-08,Mary Palmer,2015,Junho,6,-19.9326655,-43.9484767
RGL Engenharia ,Técnico em segurança do trabalho,2015-06-09,Nicholas Paul,2015,Junho,6,-19.9280854,-44.0042905
Simatec,Consultor de Vendas,2018-06-19,Elizabeth Koch,2018,Junho,6,35.10390020000001,-80.9591367
AeM Negócios Públicos,Gestor de Negócios,2018-06-19,Deborah Olson,2018,Junho,6,,
TORA,Analista Comercial,2018-06-19,Andrew Goodman,2018,Junho,6,25.9678879,-97.5148226
Simply Tecnologia,Analista de Negócios e Processos Ágeis,2018-06-19,Thomas Holloway,2018,Junho,6,-19.948041,-43.96018
Marph,Publicidade,2018-06-19,Sheri Tran,2018,Junho,6,26.3016827,127.8049672
Pensalab Equipamentos Industriais S.A.,Consultora de vendas,2020-06-13,Sandy Chavez,2020,Junho,6,-23.5336741,-46.6722504
Equipapocos Comercio De Motobombas E Servicos,Adm/Compras,2018-06-19,Brianna Nelson,2018,Junho,6,-19.9750651,-44.1854008
Construtora Você,Auxiliar de Engenharia civil,2018-06-19,Kristen Miller,2018,Junho,6,-19.9460383,-43.9570206
STEP Engenharia,Projetista,2018-06-19,Nicholas Warren,2018,Junho,6,32.462584,-90.154386
Arbitrium Sports,Marketing Director,2018-06-19,Alexis Gillespie,2018,Junho,6,38.7978207,-94.6910209
Vale,Analista de suprimentos,2018-06-19,Michelle Johnson,2018,Junho,6,43.6464489,-79.3796153
Frelance Graphic Designer,Designer,2018-06-19,Kevin Williams,2018,Junho,6,42.3498162,-71.0480394
Promatec Soluções Industriais,Consultor de Engenharia,2020-06-14,Kenneth Kaiser,2020,Junho,6,-29.967039,-51.6258957
ABB Eletrificação,Process Engineer,2020-07-15,Ashley Daniel,2020,Julho,7,41.869933,-72.73650049999999
Empresa de Transportes e Trânsito de Belo Horizonte - BHTRANS S/A,Coordenador de Mobilização Social,2020-07-16,Rebecca Chavez,2020,Julho,7,-19.9132346,-43.94661139999999
Winn-Dixie,Associate,2020-07-15,Jamie Ward,2020,Julho,7,30.4083614,-91.0347366
FEAMIG - Faculdade de Engenharia de Minas Gerais,Professor convidado,2020-07-15,Jeanne Blackburn,2020,Julho,7,-19.9391318,-43.9973472
Extrack ,Fundadora e CEO ,2019-07-18,Lance Trujillo,2019,Julho,7,37.0410854,-100.9045404
Interfile Full Service BPO,Analista de Operações,2020-07-25,Justin Christensen,2020,Julho,7,-23.6164395,-46.7873426
3DFindable,Founder,2020-07-27,Dennis Jones,2020,Julho,7,,
Área de Atuação: Qualidade / Processos / Melhoria Continua ,Engenheira de Produção,2020-07-27,Richard Smith,2020,Julho,7,-12.9812828,-38.4551728
Tecer Liderança Trein Edit E Cons Ltda,Palestrante | Escritora | Mentora de gestores | Engenheira Mecânica | Consultora Organizacional n,2020-07-13,Michael Reyes,2020,Julho,7,-19.9227964,-43.9652085
SegundoSOL Engenharia LTDA,Engenheiro Eletricista Junior,2020-07-28,Robin Clayton,2020,Julho,7,,
SGSGEOSOL LABORATÓRIOS ,Analista laboratório de Fluorescência de Raios-X,2019-07-11,Mary Berry,2019,Julho,7,-19.722057,-43.93046
IMIC - Indústria Mecânica Irmãos Corgozinho Ltda,Comprador pleno,2020-07-18,Michael Terry,2020,Julho,7,-20.0242156,-44.1512908
Komatsu Mining Corp.,Técnico de segurança,2020-07-13,Monica Rodriguez,2020,Julho,7,32.4607292,-94.7337877
Stellantis,Team Leader,2019-07-02,Douglas Saunders,2019,Julho,7,42.2368706,-88.87068909999999
Master Informática,Gerente de Serviços,2020-07-10,Trevor Brown,2020,Julho,7,39.0161525,-94.66516070000002
Sixpro Virtual&Practical Process,Consultor técnico comercial,2019-07-24,Roger Adams,2019,Julho,7,-19.8779115,-43.9066713
Monterre Construtora,Assistente Suprimentos ,2019-07-25,Brandon Ware,2019,Julho,7,-19.9363864,-43.9258369
Sindicato dos Trabalhadores da Indústria de Calçados do Ceará,Jornalista,2019-07-29,Kimberly Stevens,2019,Julho,7,-3.7406789,-38.50883109999999
Prontomec Industrial,Estagiário de Manutenção,2019-07-30,Edward Estrada,2019,Julho,7,-19.9436194,-44.0735424
DHL Supply Chain,Analista de Projetos Logísticos Sênior,2015-07-07,Jack Cain,2015,Julho,7,34.960052,-80.97578419999999
GE Power Conversion,Assistente administrativo,2015-07-08,Andrea Jones,2015,Julho,7,40.71122159999999,-80.1145329
Ligar Design&Mkt,Diretor de marketing,2015-07-09,Jennifer Brown,2015,Julho,7,41.8862222,-87.6489485
Câmara e Valadares Advogados e Associados,Prestadora de serviços jurídicos,2020-07-13,Sheila Blackburn,2020,Julho,7,-23.4267236,-51.9470626
Autonomo,Fotógrafo freelancer,2015-07-21,Jill Harris,2015,Julho,7,41.9759189,-87.712086
MZT Industria mecanica,Programador cnc,2015-07-15,Casey Stokes,2015,Julho,7,-20.0691142,-43.9849448
Racional Engenharia,Assistente de produção,2019-07-11,Kelly Perkins,2019,Julho,7,-23.5926826,-46.6896146
Clínica CEU,Coordenadora de Radiologia,2019-07-05,Daniel Beasley,2019,Julho,7,-19.9289218,-43.92395639999999
Autônomo,Vendedor,2019-07-03,Marvin Simpson,2019,Julho,7,41.961419,-87.71169220000002
Vulcabras Azaleia,Associada I,2020-07-01,Kristen Hudson,2020,Julho,7,-4.1193398,-38.4870705
Via 040,Analista de Planejamento,2020-07-03,Amber Hernandez,2020,Julho,7,-18.7219737,-44.9431208
Marcio Honorio Sociedade de Advogados,Escritório de Advocacia,2020-07-05,Carla Fitzgerald,2020,Julho,7,-19.9229315,-43.9475808
FCA Fiat Chrysler Automobiles,Eletrônico ,2020-07-10,John Hudson,2020,Julho,7,42.65513869999999,-83.2305966
OTUS Consultoria,CEO,2018-08-09,Angela Wyatt,2018,Agosto,8,45.3451652,-75.7097702
Teknisa,Assistente de Compras,2018-08-28,Megan Casey,2018,Agosto,8,-19.9358472,-43.9352257
Teksid,Estagiário de Engenharia ,2020-08-20,Paula Montoya,2020,Agosto,8,26.9423628,-101.4649633
MAXCOR INDUSTRIA DE ETIQUETAS LTDA,Inspetora de Qualidade,2020-08-25,Brittany Sanchez,2020,Agosto,8,-19.9565513,-44.07046039999999
Autonômo,Engenheiro ambiental,2015-08-28,Mark Marquez,2015,Agosto,8,41.9759189,-87.712086
SMS group do Brasil,Analista de contratos,2020-08-20,Anthony Evans,2020,Agosto,8,-19.7766005,-43.9570983
Cemig SIM,Analista de Soluções Energéticas,2020-08-16,Justin Park,2020,Agosto,8,-19.928907,-43.95062859999999
Oncomed Tratamento Médico Integrado,Analista de sistemas pleno,2020-08-16,Erika Mcclain,2020,Agosto,8,-19.92572,-43.953777
CNH Industrial,Compradora,2019-08-06,Taylor Barnes,2019,Agosto,8,42.73032569999999,-87.78731599999999
Vox2you Rede de Escolas de Oratória,Diretor,2020-08-14,Nancy Ballard,2020,Agosto,8,,
Stellantis,Analista III Engenharia Elétrica / Eletrônica,2019-08-01,Zachary Hall,2019,Agosto,8,42.2368706,-88.87068909999999
Herkenhoff & Prates,Analista de dados,2019-08-13,Dustin Martinez,2019,Agosto,8,-19.9325726,-43.92688769999999
VIAESSENCIA,SÓCIO-GERENTE,2019-08-14,Debra James,2019,Agosto,8,-27.5999424,-48.5125423
AEVO,Product,2019-08-20,Christian Ellis,2019,Agosto,8,42.5183543,-71.0437584
RASHEED AHMED & SONS,Proprietor,2019-08-20,Debra Gray,2019,Agosto,8,24.8532419,67.1286282
Tribunal de Justiça do Estado de Minas Gerais,Projetista e orçamentista,2020-08-13,Scott Rogers,2020,Agosto,8,-19.9446328,-43.9224312
ChildFund Brasil - Fundo para Crianças,Coordenador de Mobilização de Recursos,2020-08-13,James Rodriguez,2020,Agosto,8,-19.918708,-43.941055
Hospital do Coração de Alagoas,Assistente financeiro,2019-08-10,Samuel Hale,2019,Agosto,8,-9.620040999999999,-35.737496
AMGS,Analista Financeiro,2020-08-12,Cindy Barnes,2020,Agosto,8,37.3329399,-121.8844882
W1 Consultoria Financeira,Consultora Financeira,2019-08-20,Julie Tate,2019,Agosto,8,,
Comau,Líder técnico de engenharia,2019-08-30,Shawna Bryant,2019,Agosto,8,-19.9586631,-44.0719596
Autônomo,Engenheiro Mecânico,2020-08-04,Misty Erickson,2020,Agosto,8,41.961419,-87.71169220000002
Universidade FUMEC,Professor do Programa de Doutorado e Mestrado em Administração (PDMA),2020-08-06,Victoria Anderson,2020,Agosto,8,-19.9438039,-43.9250232
Grupo SADA,Analista de Suprimentos Pleno,2020-08-09,Omar Owens,2020,Agosto,8,25.4430889,-99.9942245
Grupo SADA,Analista de Suprimentos Jr. CSC,2020-08-09,Christopher Scott,2020,Agosto,8,25.4430889,-99.9942245
Acelera Profissional,Acelerador Empreendedores Solo,2020-08-11,Stacy Kemp,2020,Agosto,8,-2.5426631,-44.21803790000001
Dmb Distribuidora Mineira De Bombas,Gerente comercial,2020-08-19,Gregory Simmons,2020,Agosto,8,-19.999077,-44.0380718
plastubos,Motorista,2020-08-14,Curtis Payne,2020,Agosto,8,-19.7870149,-44.0103126
Prefeitura Municipal de Contagem,Gerente operacional,2020-08-12,Robert Jones,2020,Agosto,8,-19.9192192,-44.0927953
ECM - Projetos Industriais,Engenheiro Trainee - Líder de Projetos,2019-08-10,Christopher Orozco,2019,Agosto,8,-19.9688084,-43.95638080000001
Ânima Educação,Recrutamento e Seleção ,2019-09-10,Lisa Campos,2019,Setembro,9,-23.5517555,-46.5975345
La Cita Eventos e Produções,CEO,2019-09-16,Paula Romero,2019,Setembro,9,,
Montele Elevadores,Assistente operacional,2019-09-19,Julia Johnston,2019,Setembro,9,-19.9218956,-44.046229
PAM - Produtos Auxiliares Metalúrgicos,Plant General Manager,2019-09-20,Shannon Roach,2019,Setembro,9,-20.0626308,-44.2831179
FCA Latam (Fiat Chrysler Automobiles),Analista da Qualidade Jr - CST Chassi LATAM,2019-09-20,Yolanda Reyes,2019,Setembro,9,42.65513869999999,-83.2305966
Accenture Brasil,Analista pleno de contas a pagar,2019-09-20,Tim Moore,2019,Setembro,9,-23.2195211,-45.90423500000001
Alpha Diamond Team,Hunter Founder,2019-09-24,Karen Jimenez,2019,Setembro,9,-19.9367365,-43.9347241
Afya Educacional,Analista Financeiro,2019-09-25,Tyler Mendez,2019,Setembro,9,-19.982578,-43.945581
Prefeitura de Belo Horizonte,Farmacêutico na Gerência de Vigilância Epidemiológica,2019-09-25,Tammy Bautista,2019,Setembro,9,-19.9237641,-43.9363914
Lajes Premold ,Vendedor externo,2019-09-30,Michelle Christensen,2019,Setembro,9,-19.7868769,-43.9228992
Seguranca Engenharia Ltda,Auxiliar administrativo,2019-09-10,Amber Manning,2019,Setembro,9,-19.9227114,-43.9580568
Localiza,Gerente de Recrutamento e Seleção Nacional,2019-09-06,Eric Edwards,2019,Setembro,9,37.6900454,-95.1430326
NEUMAN & ESSER Brasil,Compressor Application Technician,2019-09-16,William Porter,2019,Setembro,9,-19.9871153,-43.966218
Horizonte Minerals Plc,Estagiário,2019-09-05,Angela Jones,2019,Setembro,9,40.8947334,-73.9425538
Clinescultural,Gerente administrativo e financeiro,2019-09-02,Harry Walker,2019,Setembro,9,-19.938237,-43.934689
Cemig - Companhia Energética de Minas Gerais,Técnico O&M de Subestação da Transmissão (Jr),2019-09-05,Eric Gilbert,2019,Setembro,9,40.8947334,-73.9425538
CAAR do Brasil Consultoria Técnica Ltda,Referente Técnico ,2020-09-28,Courtney Robertson,2020,Setembro,9,-19.9817414,-43.94082299999999
Klüber Lubrication,Technical Consultant,2020-09-03,Lori Thomas,2020,Setembro,9,32.2933293,-95.2461606
Luziana Lanna Idiomas,Professor de inglês,2020-09-23,Gabriel Lyons,2020,Setembro,9,-19.9276506,-43.9393821
Grupo SADA,Analista de RH Jr- Gestão de Contratos,2020-09-06,Cindy Ramsey,2020,Setembro,9,25.4430889,-99.9942245
Itaú Unibanco,Estagiário Banco ,2019-10-16,Corey Carter,2019,Outubro,10,25.7723394,-80.1877414
Isamar Transportes Urgentes LTDA,Operations Manager,2020-10-20,Nicole Williams,2020,Outubro,10,-19.9195026,-44.028448
Companhia Siderúrgica Nacional,Engenheiro de Manutenção - Gerência de Produção Filtragem e Carregamento,2020-10-19,Michelle Phillips,2020,Outubro,10,29.936058,-95.59162099999999
Salum Construções,Analista da Qualidade,2018-10-16,Marcia Gutierrez,2018,Outubro,10,-19.929623,-43.928608
Indústria Mecânica Alterosa LTDA,Planejamento e Controle da Produção (PCP),2018-10-16,Stacy Russell,2018,Outubro,10,-19.8844372,-44.0385076
Abreu Nobre Advocacia e Consultoria Jurídica,Advogada,2018-10-16,Ashley Gonzalez,2018,Outubro,10,-23.9685813,-46.332427
Cielo,Supervisor de Logística,2018-10-16,Gavin Garcia,2018,Outubro,10,29.961291,-90.14586039999999
RGL Engenharia e Consultoria LTDA,Auxiliar de Engenharia Civil,2018-10-16,Karen Maldonado,2018,Outubro,10,-19.9280854,-44.0042905
Stellantis Latam,Logistics Engineering Analyst,2018-10-16,Gregory Alvarado,2018,Outubro,10,42.3143231,-82.91362079999999
SDS Empreendimentos e Construções Eireli,Auxiliar de Engenharia,2019-10-15,Janet Hancock,2019,Outubro,10,-19.9203071,-43.9525671
Impulso Consultoria e Gestão de Pessoas,Proprietário da empresa,2019-10-10,Robin Sweeney,2019,Outubro,10,-21.765957,-48.1759066
Arithmos Gestão Contábil,Departamento geral,2018-10-16,Jennifer Bishop,2018,Outubro,10,-19.9298187,-43.9475861
MARINA CONSTRUTORA,Engenheira Civil / Diretora,2020-10-20,Gina Bryant,2020,Outubro,10,-27.5982112,-48.5879072
Vetta,Talent Acquisition Coordinator,2020-10-30,John Sharp,2020,Outubro,10,38.5112455,-90.370421
Hospital Keralty LTDA,Nutricionista clínica,2015-10-02,Sarah Lynn,2015,Outubro,10,25.8454647,-80.26867399999999
Npo Sistemas do Brasil - a Ricoh Company,PMO - Analista de Projetos PL,2018-10-16,Kyle Vargas,2018,Outubro,10,-19.935012,-43.9368707
Ânima Educação,Diretor de operações Minas Gerais e Goiás na Anima Educação,2020-10-27,Heather Romero,2020,Outubro,10,-23.5517555,-46.5975345
MRV,Analista de projetos,2020-10-26,Brent Jones,2020,Outubro,10,32.9013586,-117.1989525
Mineração Taboca S.A.,Analista operacional jr,2020-10-25,Alexis Diaz,2020,Outubro,10,-3.118616400000001,-60.0268829
ArcelorMittal Brasil,Técnico III - Central de Planejamento,2020-10-21,Kyle Smith,2020,Outubro,10,-3.8533168,-38.60491529999999
FCA Fiat Chrysler Automobiles,Coordenador RDE (Real Drive Emissions),2020-10-21,Jessica Carter,2020,Outubro,10,42.65513869999999,-83.2305966
Cervejaria Ambev,Coordenador de Franquias Premium,2020-10-20,Andrew Richards,2020,Outubro,10,-1.3747977,-48.3500793
Ambev,Supervisor de Customer Experience,2020-10-20,Erin Schmidt,2020,Outubro,10,18.5175154,-70.07067169999999
Loggi,Customer Success Executive I,2019-10-02,Matthew Davis,2019,Outubro,10,39.085465,-74.8190879
WestRock Brasil,Almoxarife,2019-10-08,Jessica Peterson,2019,Outubro,10,33.9342598,-84.3541754
Gade Engenharia e projetos,Arquiteta e urbanista ,2020-10-20,Katherine Morris,2020,Outubro,10,-19.9358487,-44.0523781
Alicorp,Analista Contábil,2015-11-20,Xavier Nichols,2015,Novembro,11,31.5570983,-97.1319721
Belquimica Produtos E Assistencia Tecnica,Supervisor de vendas,2019-11-26,Adam Johnson,2019,Novembro,11,-19.9657109,-44.1670932
Plascar,Controller and HR Manager ,2019-11-25,Chris French,2019,Novembro,11,-23.1675529,-46.9345664
Easy equipamentos odontologicos,Retificador 2,2019-11-25,Michael Mccarty,2019,Novembro,11,-19.9433529,-44.0063893
Controltec Controles E Montagens Eletromecanicas,Prestador de serviços,2019-11-20,Nicholas Rodriguez,2019,Novembro,11,-19.6655642,-43.914658
freelance,Senior Data Scientist,2019-11-19,Kristen Bruce,2019,Novembro,11,38.1422606,-94.8137407
Em Busca de Novas Oportunidades,interesse em oportunidade de operador de grua torre ou Ponte rolante,2019-11-19,Michael Mccormick,2019,Novembro,11,,
Vezzi Lapolla Mesquita Advogados,Advogado associado,2019-11-06,Marc Sparks,2019,Novembro,11,-23.570328,-46.646204
Localiza,Assistente Financeiro,2015-11-17,Patricia Martinez,2015,Novembro,11,37.6900454,-95.1430326
Unidas,Analista financeiro júnior,2019-11-28,Perry Reed,2019,Novembro,11,40.7458753,-73.9868742
Prefeitura Municipal de Contagem,Membro Titular do CODECON - Conselho de Desenvolvimento Econômico de Contagem,2019-11-02,Carlos Martin,2019,Novembro,11,-19.9192192,-44.0927953
Itaú Unibanco,Project and Process Analyst,2018-11-06,Heather Boyer,2018,Novembro,11,25.7723394,-80.1877414
Mercantil do Brasil,Analista de Sistemas,2018-11-06,Becky Herring,2018,Novembro,11,-7.120126099999999,-34.8838402
CNH Industrial,Estagiário,2018-11-20,Thomas Gonzales,2018,Novembro,11,42.73032569999999,-87.78731599999999
Stone,Consultor comercial - Expansão ,2018-11-21,Kara Shepard,2018,Novembro,11,37.06250000000001,-95.677068
National Oilwell Varco,HR Business Partner,2018-11-21,Mike Martinez,2018,Novembro,11,36.0652656,-96.05783079999999
Johnson & Johnson,Field Support Analyst - Strategic Acccounts,2018-11-22,Jeffrey Wright,2018,Novembro,11,36.3078299,-94.1886293
Inter,Analista de Formalização CGI,2018-11-22,Erin Freeman,2018,Novembro,11,38.9286942,-94.6565789
Altran Consultoria em Tecnologia Brasil,Analista de desenvolvimento de produtos na FCA por meio da Altran,2018-11-22,Micheal Adams,2018,Novembro,11,-19.9477552,-44.0388616
Seoyon Intech Brasil,Advogado corporativo,2018-11-22,Anthony Price,2018,Novembro,11,-20.062739,-44.284408
INBRASP - Indústria Brasileira de Plásticos,Analista de Processos,2018-11-28,Robert Marshall,2018,Novembro,11,-22.8816656,-48.47962
Novotel Hotels e Ibis Budget,Coordenador de manutenção,2018-11-28,Karen Gray,2018,Novembro,11,45.4969553,-73.5734207
R.A.P. Studio & Design,Visual Merchandiser and Window Designer Interior and Exterior,2018-11-28,Jonathan Franco,2018,Novembro,11,34.4158428,-119.6962575
MGcloud,Líder de negócios,2018-11-06,Rodney Rogers,2018,Novembro,11,-19.9548065,-43.9475619
Tecnifox Indústria e Comércio Ltda,Técnica da Qualidade,2020-11-24,Richard Lindsey,2020,Novembro,11,-19.9652296,-44.0159956
Motorola Mobility (a Lenovo Company),Machine Learning Advisory Engineer,2020-11-23,Sheryl King,2020,Novembro,11,41.8889419,-87.6355059
The discipline Languages,Professor de idiomas - Inglês e Francês,2020-11-23,Richard Smith,2020,Novembro,11,40.441415,-79.9446262
RHI Magnesita,Especialista Engenharia,2020-11-10,Timothy Davis,2020,Novembro,11,39.9299812,-76.83906549999999
Unimed Aeromédica,Assistente de Atendimento Aeromédico,2018-11-15,Dustin Garcia,2018,Novembro,11,-19.8531091,-43.9509294
Bekaert,Assistente de Compras II,2018-11-14,Jason Yang,2018,Novembro,11,36.354172,-94.16541099999999
Construções Pirâmides,Empresario,2020-11-14,Scott Woods,2020,Novembro,11,-23.4582796,-46.5857059
Stellantis,Wheels and Wheel Trim Specialist,2018-11-06,Chad Mccoy,2018,Novembro,11,42.2368706,-88.87068909999999
Autentica Engenharia Industrial,Orçamentista III,2018-11-12,Katherine Mann,2018,Novembro,11,-19.9500226,-44.0689622
Autônomo,Professora particular,2018-11-06,Monica Gross,2018,Novembro,11,41.961419,-87.71169220000002
Alldagro - Gestão e Resultados Agropecuários,Consultor Técnico,2018-11-06,Nicole Vazquez,2018,Novembro,11,-19.9348249,-43.9716442
Mercantil Mineira Logistica,Auxiliar administrativo de transporte,2018-11-10,Roy Reed,2018,Novembro,11,-19.9241803,-44.0414287
Amanco Wavin,Key Account Sales Specialist,2018-11-10,Joshua Vega,2018,Novembro,11,25.7040796,-100.2006612
CEVA Logistics,Data Scientist and Business Intelligence Developer,2018-11-10,Charles Martin,2018,Novembro,11,39.1327755,-94.563952
Fotus Energia Solar,Analista comercial,2018-11-10,Tonya Smith,2018,Novembro,11,-20.3927537,-40.3220085
Mendes Engenharia Clinica,Coordenador de Engenharia Clínica,2018-11-10,Scott Barrera,2018,Novembro,11,-19.937956,-43.9271422
Elvenworks,Inside Sales,2018-11-06,Stephen Holloway,2018,Novembro,11,,
Andrade Silva Advogados,Advogada Tributarista,2018-11-06,Tiffany Marquez,2018,Novembro,11,-15.7647721,-47.8884917
Elétrica MG e Construções Ltda.,Diretor Administrativo,2018-11-06,Heather Mullins,2018,Novembro,11,-19.9350751,-43.9262299
Prosegur,Analista Faturamento JR,2018-11-10,Courtney Mccann,2018,Novembro,11,25.6660157,-100.304753
AuPaircom,Au Pair - France,2018-12-17,Mitchell Mcconnell,2018,Dezembro,12,41.3260946,-72.9585364
Magazine Diniz,Especialista em Marketing Digital,2018-12-13,Alexis Grant,2018,Dezembro,12,-19.9211337,-43.9508923
Light,Especialista em Regulação Estratégica,2018-12-14,Christopher Todd,2018,Dezembro,12,37.0372573,-95.6156724
Pontifícia Universidade Católica de Minas Gerais,Professor,2018-12-17,Lisa Mccoy,2018,Dezembro,12,-19.9550716,-44.1984331
Fiocruz,Aluno pesquisador de doutorado,2018-12-19,Destiny Hodges,2018,Dezembro,12,-22.8771869,-43.2436227
Nemak,tec.mecanico,2019-12-13,Heather Perez,2019,Dezembro,12,25.751673,-100.38068
MOBA do Brasil,Consultor de Suporte ao Produto,2020-12-09,Linda Ray,2020,Dezembro,12,-19.8766931,-44.003286
Hospital Metropolitano Odilon Behrens,Supervisor de portaria e recepção,2020-12-08,Alan Stevens,2020,Dezembro,12,-19.9041612,-43.9468635
Universidade Federal de Minas Gerais,Professor Pesquisador,2020-12-07,Nicholas Vaughn,2020,Dezembro,12,-19.870682,-43.9677359
JAT Transportes e Logistica S.A.,lider operacional,2020-12-07,Eric Brown,2020,Dezembro,12,-19.924582,-44.0569621
Ministério Público do Estado de Minas Gerais,Engineer Intern,2018-12-10,Ryan Johnson,2018,Dezembro,12,-19.9328232,-43.9506759
SM&A Sistemas Elétricos,Estagiário de projetos,2018-12-20,Loretta Frank,2018,Dezembro,12,-19.9369279,-43.946793
SM&A Sistemas Elétricos,Auxiliar tecnico,2018-12-10,Kathy Baker,2018,Dezembro,12,-19.9369279,-43.946793
STEP Engenharia,Projetista,2018-12-05,Kelly Wilcox,2018,Dezembro,12,32.462584,-90.154386
AETHRA GROUP - Automotive Systems,Comprador Jr.,2018-12-07,William Costa,2018,Dezembro,12,-19.9352104,-44.1110075
PUC Minas,Professora Assistente IV PUC Minas,2019-12-13,Eric Espinoza,2019,Dezembro,12,-19.9361801,-43.9342488
PUC Minas,Professor Universitário,2019-12-19,Eric Owens,2019,Dezembro,12,-19.9361801,-43.9342488
Oficina,Auxiliar de mecânica,2019-12-25,Valerie Reynolds,2019,Dezembro,12,37.09024,-95.712891
Consultorio  de Psicologia,Psicólogo clínico,2015-12-16,Marvin White,2015,Dezembro,12,32.502299,-116.9861509
Autentica Engenharia Industrial,Orçamentista VIII,2018-12-03,Kathleen Cordova,2018,Dezembro,12,-19.9500226,-44.0689622
Prefeitura Municipal de Contagem ,Secretário Municipal de Comunicação e Transparência ,2018-12-04,Christina Reed,2018,Dezembro,12,-19.9192192,-44.0927953
Sudamin,Controller,2018-12-04,Brittany Cohen,2018,Dezembro,12,5.749934,-72.905804
BI Xperience,Co-founder,2018-12-04,Laura Rogers,2018,Dezembro,12,44.8564867,-93.1303717
Câmara Municipal de Contagem,Assessor Parlamentar,2018-12-04,Stephen Bell,2018,Dezembro,12,-19.9138398,-44.0847066
Vale,Analista de Excelência Operacional,2018-12-04,Edward Gonzalez,2018,Dezembro,12,43.6464489,-79.3796153
IBGE-Instituto Brasileiro de Geografia e Estatística,Coordenador Censitário de Subárea,2018-12-04,Sarah Jones,2018,Dezembro,12,-2.5179261,-45.0822031
Brasif Máquinas,Coordenador de produtos,2018-12-05,Thomas Reynolds,2018,Dezembro,12,-25.4812489,-49.26315
Almeida Vales Engenharia,Sócio proprietário,2018-12-05,Mitchell Hamilton,2018,Dezembro,12,-19.8804671,-43.9999185
Dg Socialm,Marketing Digital,2018-12-05,Carolyn Anderson,2018,Dezembro,12,,
USIMINAS,Intern of Sustainability at Usiminas Mining,2018-12-05,Helen Acevedo,2018,Dezembro,12,40.8947334,-73.9425538
Contra Regras Produção e Comunicação Ltda,Adminstrativo,2018-12-07,Aaron Griffin,2018,Dezembro,12,-23.5868282,-46.6455084
Stellantis,NVH CAE Engineer,2015-12-04,Karl Gutierrez,2015,Dezembro,12,42.2368706,-88.87068909999999
